-- ============================================================
-- PD Monitor — D2 / seed.sql
-- ข้อมูลตัวอย่างไว้ทดสอบ (รัน "หลัง" 0001-0003)
-- ใช้ UUID ตายตัวเพื่ออ้างถึงกันได้ · รันซ้ำได้ (on conflict do nothing)
-- หมายเหตุ: audit_log จะบันทึก INSERT เหล่านี้โดย changed_by = null (= ระบบ/seed)
-- ============================================================

-- ---------- profiles ----------
insert into public.profiles (id, full_name, department) values
  ('11111111-1111-1111-1111-111111111111', 'สมชาย ผลิตดี',   'ผลิต'),
  ('22222222-2222-2222-2222-222222222222', 'สมหญิง ตรวจเก่ง', 'QC'),
  ('33333333-3333-3333-3333-333333333333', 'ประไพ ประกัน',    'QA'),
  ('44444444-4444-4444-4444-444444444444', 'วิชัย คลังของ',   'คลังสินค้า'),
  ('55555555-5555-5555-5555-555555555555', 'มานพ บริหาร',     'ผู้บริหาร')
on conflict (id) do nothing;

-- ---------- user_roles ----------
insert into public.user_roles (profile_id, role) values
  ('11111111-1111-1111-1111-111111111111', 'production'),
  ('22222222-2222-2222-2222-222222222222', 'qc'),
  ('33333333-3333-3333-3333-333333333333', 'qa'),
  ('44444444-4444-4444-4444-444444444444', 'warehouse'),
  ('55555555-5555-5555-5555-555555555555', 'manager')
on conflict (profile_id, role) do nothing;

-- ---------- products ----------
insert into public.products (id, code, name, dosage_form, standard_time_hours, created_by) values
  ('a0000001-0000-0000-0000-000000000001', 'PRD-001', 'พาราเซตามอล 500 มก.',   'เม็ด',    8.0,  '55555555-5555-5555-5555-555555555555'),
  ('a0000002-0000-0000-0000-000000000002', 'PRD-002', 'อะม็อกซีซิลลิน 250 มก.', 'แคปซูล', 12.0, '55555555-5555-5555-5555-555555555555'),
  ('a0000003-0000-0000-0000-000000000003', 'PRD-003', 'วิตามินซี 1000 มก.',     'เม็ด',    6.0,  '55555555-5555-5555-5555-555555555555')
on conflict (id) do nothing;

-- ---------- orders ----------
insert into public.orders (id, order_no, customer, product_id, quantity, unit, due_date, created_by) values
  ('b0000001-0000-0000-0000-000000000001', 'ORD-2569-001', 'บ.เอบีซี ฟาร์มา',   'a0000001-0000-0000-0000-000000000001', 100000, 'เม็ด',   '2026-07-15', '55555555-5555-5555-5555-555555555555'),
  ('b0000002-0000-0000-0000-000000000002', 'ORD-2569-002', 'รพ. กรุงเทพ',        'a0000002-0000-0000-0000-000000000002',  50000, 'แคปซูล', '2026-07-20', '55555555-5555-5555-5555-555555555555'),
  ('b0000003-0000-0000-0000-000000000003', 'ORD-2569-003', 'ร้านขายยารวมมิตร',  'a0000003-0000-0000-0000-000000000003', 200000, 'เม็ด',   '2026-08-01', '55555555-5555-5555-5555-555555555555')
on conflict (id) do nothing;

-- ---------- batches ----------
insert into public.batches (id, lot_no, order_id, product_id, manufacture_date, expiry_date, created_by) values
  ('c0000001-0000-0000-0000-000000000001', 'LOT-PA-690601', 'b0000001-0000-0000-0000-000000000001', 'a0000001-0000-0000-0000-000000000001', '2026-06-01', '2028-06-01', '11111111-1111-1111-1111-111111111111'),
  ('c0000002-0000-0000-0000-000000000002', 'LOT-AM-690610', 'b0000002-0000-0000-0000-000000000002', 'a0000002-0000-0000-0000-000000000002', '2026-06-10', '2027-06-10', '11111111-1111-1111-1111-111111111111')
on conflict (id) do nothing;

-- ---------- jobs (สถานะหลากหลาย + 1 งานติดปัญหา) ----------
insert into public.jobs (id, job_no, order_id, batch_id, status, problem, problem_note, planned_start, planned_end, created_by) values
  ('d0000001-0000-0000-0000-000000000001', 'JOB-001', 'b0000001-0000-0000-0000-000000000001', 'c0000001-0000-0000-0000-000000000001', 'in_production', null,      null,                       '2026-06-18', '2026-06-25', '11111111-1111-1111-1111-111111111111'),
  ('d0000002-0000-0000-0000-000000000002', 'JOB-002', 'b0000002-0000-0000-0000-000000000002', 'c0000002-0000-0000-0000-000000000002', 'qc',            null,      null,                       '2026-06-12', '2026-06-19', '11111111-1111-1111-1111-111111111111'),
  ('d0000003-0000-0000-0000-000000000003', 'JOB-003', 'b0000003-0000-0000-0000-000000000003', null,                                   'pending_announce', 'delayed', 'รอวัตถุดิบจากซัพพลายเออร์', null,         null,         '55555555-5555-5555-5555-555555555555')
on conflict (id) do nothing;

-- ---------- production_records (Daily Report ตัวอย่างของ JOB-001) ----------
insert into public.production_records (job_id, station, record_date, input_qty, output_qty, loss_qty, hours, operator_id, note, created_by) values
  ('d0000001-0000-0000-0000-000000000001', 'prep',      '2026-06-18', 100000, 100000, 0,    4.0, '11111111-1111-1111-1111-111111111111', 'เตรียมวัตถุดิบครบ',  '11111111-1111-1111-1111-111111111111'),
  ('d0000001-0000-0000-0000-000000000001', 'mixing',    '2026-06-19', 100000,  99500, 500,  6.0, '11111111-1111-1111-1111-111111111111', 'ผสมเรียบร้อย',        '11111111-1111-1111-1111-111111111111'),
  ('d0000001-0000-0000-0000-000000000001', 'tableting', '2026-06-20',  99500,  98800, 700,  8.0, '11111111-1111-1111-1111-111111111111', 'ตอกเม็ดปกติ',         '11111111-1111-1111-1111-111111111111')
on conflict do nothing;
